sample_id,datatype,train_size,z,image_url,gt_url,pred_unet_image_clip_url,pred_unet_random_url,pred_microsam_url,filename,unet_image_clip_runfolder,unet_random_runfolder,microsam_runfolder
vessels_size5_patch_012_vol022_ch0_z64,vessels,5,64,https://drive.google.com/uc?export=download&id=1dhKZVE6HVN-kZJko1XRIMRUlpUrRyaOd,https://drive.google.com/uc?export=download&id=1QMNTWaxpqupoPRGE7qduYau25NLMLB_4,https://drive.google.com/uc?export=download&id=1az9u9dvxEImr6MSQAfsVGDLCk8FFWhjg,https://drive.google.com/uc?export=download&id=1-ufD_eLyOOA9DPOVPaS-lDJW4Guirjlr,https://drive.google.com/uc?export=download&id=10MVbP0hS1ez8Ppn0LD8bfVZozpu2NJza,patch_012_vol022_ch0_pred_cvfold1_ntr5_nev2_fttr4_ftval1_fold1_trlim5_seed100.nii.gz,cvfold1_ntr5_nev2_fttr4_ftval1_fold1_trlim5_seed100,cvfold1_ntr5_nev2_fttr4_ftval1_fold1_trlim5_seed100,cvfold1_ntr5_nev2_fttr4_ftval1_fold1_trlim5_seed100
cell_nucleus_size5_patch_008_vol002_ch0_z32,cell_nucleus,5,32,https://drive.google.com/uc?export=download&id=1pvePgoRgXNT6LlvQptgYvy3HEu2FYyjy,https://drive.google.com/uc?export=download&id=10xP4YYZGNRtOZfWRhbpj3Jo2IqVAO0dm,https://drive.google.com/uc?export=download&id=11vvCBG6KelQ-UpkuQVw4jHynT7D9WvLm,https://drive.google.com/uc?export=download&id=1RYU6eqiaLE8Sw23cSHrg-oE79ixBLX5X,https://drive.google.com/uc?export=download&id=1aH6kVBxSbatw7V2r3_sU6Lda2V_ca4Y7,patch_008_vol002_ch0_pred_cvfold2_ntr5_nev2_fttr4_ftval1_fold2_trlim5_seed100.nii.gz,cvfold2_ntr5_nev2_fttr4_ftval1_fold2_trlim5_seed100,cvfold2_ntr5_nev2_fttr4_ftval1_fold2_trlim5_seed100,cvfold2_ntr5_nev2_fttr4_ftval1_fold2_trlim5_seed100
cell_nucleus_size5_patch_020_vol011_ch0_z32,cell_nucleus,5,32,https://drive.google.com/uc?export=download&id=1BIdEW8VNZvMVeY__qSxTAToJ1X39tM-6,https://drive.google.com/uc?export=download&id=1SwsLINHIiHn5hwcwm_11GMEiP3-T4R5l,https://drive.google.com/uc?export=download&id=1_f_Ea4nVxWh-Ipies_8P_-tJsU9yPats,https://drive.google.com/uc?export=download&id=1bnMcawAxMVfaCjUCIfPyGdOpa9g4r5gp,https://drive.google.com/uc?export=download&id=1DRyGeu1oCqONAE0HN2Ys_rm6b_IjUGs7,patch_020_vol011_ch0_pred_cvfold0_ntr5_nev2_fttr4_ftval1_fold0_trlim5_seed100.nii.gz,cvfold0_ntr5_nev2_fttr4_ftval1_fold0_trlim5_seed100,cvfold0_ntr5_nev2_fttr4_ftval1_fold0_trlim5_seed100,cvfold0_ntr5_nev2_fttr4_ftval1_fold0_trlim5_seed100
cell_nucleus_size5_patch_010_vol000_ch0_z32,cell_nucleus,5,32,https://drive.google.com/uc?export=download&id=1J3G8Oy_JFy15-YzGNOcxub8IzYJzC9ZO,https://drive.google.com/uc?export=download&id=17BkGE3ax9xJYn5e-GV-1PHdw1tiM9rta,https://drive.google.com/uc?export=download&id=1wN3BWQKKguXV5EWP4qYQZugBTQMfiFE_,https://drive.google.com/uc?export=download&id=1qLZbxpthfMIEZatbQ5769azWv4ymST62,https://drive.google.com/uc?export=download&id=1FIvRqQ0lmJVqHhErndeChex5DgX2nChS,patch_010_vol000_ch0_pred_cvfold1_ntr5_nev2_fttr4_ftval1_fold1_trlim5_seed100.nii.gz,cvfold1_ntr5_nev2_fttr4_ftval1_fold1_trlim5_seed100,cvfold1_ntr5_nev2_fttr4_ftval1_fold1_trlim5_seed100,cvfold1_ntr5_nev2_fttr4_ftval1_fold1_trlim5_seed100
amyloid_plaque_size15_patch_003_vol016_ch0_z48,amyloid_plaque,15,48,https://drive.google.com/uc?export=download&id=19KbSFK1pMAd_a3HeG429Rfb7aZM1CVOh,https://drive.google.com/uc?export=download&id=12CvS_Cma5spGldRHEgyREw5ToxpR4ynS,https://drive.google.com/uc?export=download&id=1uEMd1ivfCpva4NE7Eq5bRvE4yfhLA46f,https://drive.google.com/uc?export=download&id=1-F11S8Pz1Lr5kTtfwoyFfxdImxQlZy9j,https://drive.google.com/uc?export=download&id=1OqCp0fOeYmSJqvisj_jq00c8gA4GXzpZ,patch_003_vol016_ch0_pred_cvfold2_ntr15_nev2_fttr12_ftval3_fold2_trlim15_seed100.nii.gz,cvfold2_ntr15_nev2_fttr12_ftval3_fold2_trlim15_seed100,cvfold2_ntr15_nev2_fttr12_ftval3_fold2_trlim15_seed100,cvfold2_ntr15_nev2_fttr12_ftval3_fold2_trlim15_seed100
vessels_size15_patch_000_vol019_ch0_z64,vessels,15,64,https://drive.google.com/uc?export=download&id=1Zvs6xf2adCitGk8rJO4Lhu21MbYQDunC,https://drive.google.com/uc?export=download&id=1OQC2-izEtxxIW-mVM0AXU4bV0epNAc0m,https://drive.google.com/uc?export=download&id=1DLzIHDqlzf5u2Z-6LSBicB1NUM7H4dA0,https://drive.google.com/uc?export=download&id=1nee5Fc3sIzD5SXlZ5mnT3MXP3-G4WFES,https://drive.google.com/uc?export=download&id=1oxJRa69YOJY0uk603gw28vJeE1DxnXx8,patch_000_vol019_ch0_pred_cvfold0_ntr15_nev2_fttr12_ftval3_fold0_trlim15_seed100.nii.gz,cvfold0_ntr15_nev2_fttr12_ftval3_fold0_trlim15_seed100,cvfold0_ntr15_nev2_fttr12_ftval3_fold0_trlim15_seed100,cvfold0_ntr15_nev2_fttr12_ftval3_fold0_trlim15_seed100
amyloid_plaque_size15_patch_012_vol033_ch0_z47,amyloid_plaque,15,47,https://drive.google.com/uc?export=download&id=1Eg2qTH4RhXVJNvT6Z-PhYiL2nRHDJjtF,https://drive.google.com/uc?export=download&id=1ZONvcN5gYVE2cM--6hKWnqLQZ-rEnUWR,https://drive.google.com/uc?export=download&id=1XRThwIL_4XHR26X7rhBAzjn1KClD8u6n,https://drive.google.com/uc?export=download&id=12l3UHBMgrt5IGNCdgtOFuMIfFsy2M9qc,https://drive.google.com/uc?export=download&id=1JdATPWwKCW2PbhYsSZMJ4UK7pXPqB1PH,patch_012_vol033_ch0_pred_cvfold2_ntr15_nev2_fttr12_ftval3_fold2_trlim15_seed100.nii.gz,cvfold2_ntr15_nev2_fttr12_ftval3_fold2_trlim15_seed100,cvfold2_ntr15_nev2_fttr12_ftval3_fold2_trlim15_seed100,cvfold2_ntr15_nev2_fttr12_ftval3_fold2_trlim15_seed100
cell_nucleus_size15_patch_010_vol000_ch0_z64,cell_nucleus,15,64,https://drive.google.com/uc?export=download&id=1SJaJwbL6d2-o7iY_W1Gtnu6-6B7-XyyH,https://drive.google.com/uc?export=download&id=1AZm-Hx_wGcl9qKGw9qXfQkH_MN9K1AUH,https://drive.google.com/uc?export=download&id=1vgjjvLNircyO-Ja9LQspu3BNNbRWk1rD,https://drive.google.com/uc?export=download&id=1XHsnMGZ9xykJTL9rN6GgqyBpdWRYa64F,https://drive.google.com/uc?export=download&id=14bMSXA-OsGzHgyhoVaheY6afmlX9wpyQ,patch_010_vol000_ch0_pred_cvfold1_ntr15_nev2_fttr12_ftval3_fold1_trlim15_seed100.nii.gz,cvfold1_ntr15_nev2_fttr12_ftval3_fold1_trlim15_seed100,cvfold1_ntr15_nev2_fttr12_ftval3_fold1_trlim15_seed100,cvfold1_ntr15_nev2_fttr12_ftval3_fold1_trlim15_seed100
vessels_size15_patch_006_vol020_ch0_z64,vessels,15,64,https://drive.google.com/uc?export=download&id=1tXR1dpt9ke54gOPFOTpm9sC2G7sld2Nb,https://drive.google.com/uc?export=download&id=1RXKlEvj117PQzAE8c6DfziukSxAvIRAt,https://drive.google.com/uc?export=download&id=1qC0uJumpEAYAFHV2Xpsg8EL5-_0LcP3f,https://drive.google.com/uc?export=download&id=1cVNgfSarR_RiUVRuUxjIb40SXdFDbEye,https://drive.google.com/uc?export=download&id=1EoKHHzvZhzUfSzIMvaibWFdjlU3QWvvi,patch_006_vol020_ch0_pred_cvfold1_ntr15_nev2_fttr12_ftval3_fold1_trlim15_seed100.nii.gz,cvfold1_ntr15_nev2_fttr12_ftval3_fold1_trlim15_seed100,cvfold1_ntr15_nev2_fttr12_ftval3_fold1_trlim15_seed100,cvfold1_ntr15_nev2_fttr12_ftval3_fold1_trlim15_seed100
vessels_size5_patch_009_vol012_ch0_z64,vessels,5,64,https://drive.google.com/uc?export=download&id=1-69I6Hn58hwRV1aUtA61kRIYHfBWDrjs,https://drive.google.com/uc?export=download&id=1t_qknbktVO9rGztwlfLPMDJRJ2Gxj3YU,https://drive.google.com/uc?export=download&id=1-chqkUAdV9hjhdoCtRI7PpRx9AJQ6oIw,https://drive.google.com/uc?export=download&id=1v4pHNydqYeARVjOdcwyEfv2HnZldQ-4b,https://drive.google.com/uc?export=download&id=1KdaXv0MObfbAwpbv3hNVCBuxeFWepTlO,patch_009_vol012_ch0_pred_cvfold2_ntr5_nev2_fttr4_ftval1_fold2_trlim5_seed100.nii.gz,cvfold2_ntr5_nev2_fttr4_ftval1_fold2_trlim5_seed100,cvfold2_ntr5_nev2_fttr4_ftval1_fold2_trlim5_seed100,cvfold2_ntr5_nev2_fttr4_ftval1_fold2_trlim5_seed100
amyloid_plaque_size5_patch_002_vol023_ch0_z64,amyloid_plaque,5,64,https://drive.google.com/uc?export=download&id=1AlyaZuHkKhQ5hy-Fd1i9kwme0gfYgwE1,https://drive.google.com/uc?export=download&id=1wHKKR6fwwZ5MOIcI5hb6HMuJth45CZC3,https://drive.google.com/uc?export=download&id=1dsSxyRI8Cus0vF8ISDL4gAR1aVjylW8E,https://drive.google.com/uc?export=download&id=14il1LbQeGj0Ij57ixcVJRC15k5DX5jZF,https://drive.google.com/uc?export=download&id=1pRLfSxmlMB3Q9ci-E0Iwmi31ClehZQ35,patch_002_vol023_ch0_pred_cvfold1_ntr5_nev2_fttr4_ftval1_fold1_trlim5_seed100.nii.gz,cvfold1_ntr5_nev2_fttr4_ftval1_fold1_trlim5_seed100,cvfold1_ntr5_nev2_fttr4_ftval1_fold1_trlim5_seed100,cvfold1_ntr5_nev2_fttr4_ftval1_fold1_trlim5_seed100
cell_nucleus_size15_patch_020_vol011_ch0_z64,cell_nucleus,15,64,https://drive.google.com/uc?export=download&id=1Jl_whLuayV1l3Ymw-K9do-vHtIWGmhEo,https://drive.google.com/uc?export=download&id=1LNi0sYOjGRWKWhcEx3qPKqM_14nSEtnM,https://drive.google.com/uc?export=download&id=19UD69-PeRyPxP0DZ9vct4-ZEbyzBzq4a,https://drive.google.com/uc?export=download&id=1GbZ15lR_-PgeJg3vZye3Lp9azi3BevaN,https://drive.google.com/uc?export=download&id=1L8nFfRKeaZz9jvi3bQKwX8gBiv2PMOlX,patch_020_vol011_ch0_pred_cvfold0_ntr15_nev2_fttr12_ftval3_fold0_trlim15_seed100.nii.gz,cvfold0_ntr15_nev2_fttr12_ftval3_fold0_trlim15_seed100,cvfold0_ntr15_nev2_fttr12_ftval3_fold0_trlim15_seed100,cvfold0_ntr15_nev2_fttr12_ftval3_fold0_trlim15_seed100
vessels_size15_patch_017_vol006_ch1_z64,vessels,15,64,https://drive.google.com/uc?export=download&id=1RRYKRt-DhswLrhhACZVsct3e7pgWtXZP,https://drive.google.com/uc?export=download&id=1jfcrnn4UM4y6BS9UJglX9uWsre4ncajh,https://drive.google.com/uc?export=download&id=1vrCmMM-RuNq-P9LFPDKL0IeEm_x1u4Iw,https://drive.google.com/uc?export=download&id=17sVjrk95l66x53ggTJATKRqIKhqCWtnm,https://drive.google.com/uc?export=download&id=1ks8Sqe8Fq7FEK8wgvr2CGrCILJOekKEN,patch_017_vol006_ch1_pred_cvfold0_ntr15_nev2_fttr12_ftval3_fold0_trlim15_seed100.nii.gz,cvfold0_ntr15_nev2_fttr12_ftval3_fold0_trlim15_seed100,cvfold0_ntr15_nev2_fttr12_ftval3_fold0_trlim15_seed100,cvfold0_ntr15_nev2_fttr12_ftval3_fold0_trlim15_seed100
cell_nucleus_size5_patch_008_vol002_ch0_z64,cell_nucleus,5,64,https://drive.google.com/uc?export=download&id=1LQIrakRhV4ngmNjcsdsltTWBJTYePNk2,https://drive.google.com/uc?export=download&id=1O7JeBF0LSHWvMYGM-o1JHKiFNuKDaHpB,https://drive.google.com/uc?export=download&id=1fBmmkBLSn6NK0CXr-SbXUwOQrYuv7O-N,https://drive.google.com/uc?export=download&id=1Ui6kyMbpHCde57dSbZu4v8xpmX2REg3g,https://drive.google.com/uc?export=download&id=166Jlb8IqqeGEkqxSzgBbH6MTL6GP-0en,patch_008_vol002_ch0_pred_cvfold2_ntr5_nev2_fttr4_ftval1_fold2_trlim5_seed100.nii.gz,cvfold2_ntr5_nev2_fttr4_ftval1_fold2_trlim5_seed100,cvfold2_ntr5_nev2_fttr4_ftval1_fold2_trlim5_seed100,cvfold2_ntr5_nev2_fttr4_ftval1_fold2_trlim5_seed100
cell_nucleus_size5_patch_006_vol006_ch0_z64,cell_nucleus,5,64,https://drive.google.com/uc?export=download&id=1ogjpD6SWCzgR4zAI_gE4WWMpi_Lr77UG,https://drive.google.com/uc?export=download&id=1sud0qJaLEHYcvPX82Hjr6fWkHjHRGl2W,https://drive.google.com/uc?export=download&id=1mTbSmIW7xdkCrKSh3WsqezJaRQNc7Gwe,https://drive.google.com/uc?export=download&id=1OI7nlVOtlBKJWRNf_pl2WorDrp4VUeeV,https://drive.google.com/uc?export=download&id=1tI4J-8jjfs8y2Zi6vB6WNkiguab_pXQ5,patch_006_vol006_ch0_pred_cvfold0_ntr5_nev2_fttr4_ftval1_fold0_trlim5_seed100.nii.gz,cvfold0_ntr5_nev2_fttr4_ftval1_fold0_trlim5_seed100,cvfold0_ntr5_nev2_fttr4_ftval1_fold0_trlim5_seed100,cvfold0_ntr5_nev2_fttr4_ftval1_fold0_trlim5_seed100
vessels_size15_patch_014_vol013_ch0_z64,vessels,15,64,https://drive.google.com/uc?export=download&id=1pvIoo0K_69NKcKF9MsHgR7w9XkF2oR5u,https://drive.google.com/uc?export=download&id=15AZo02z_uvWUeN_zETeQXATb_SC60M8o,https://drive.google.com/uc?export=download&id=13lV7I-BEw6ORFkzBG0M_mF7tViTMcobK,https://drive.google.com/uc?export=download&id=1WIolwMRvoBc_yEeMtMoPs8kf8XeBvRJg,https://drive.google.com/uc?export=download&id=1T5YflmjyZ2bwvKc1uDQuon1_nK6mvy81,patch_014_vol013_ch0_pred_cvfold2_ntr15_nev2_fttr12_ftval3_fold2_trlim15_seed100.nii.gz,cvfold2_ntr15_nev2_fttr12_ftval3_fold2_trlim15_seed100,cvfold2_ntr15_nev2_fttr12_ftval3_fold2_trlim15_seed100,cvfold2_ntr15_nev2_fttr12_ftval3_fold2_trlim15_seed100
vessels_size5_patch_012_vol022_ch0_z32,vessels,5,32,https://drive.google.com/uc?export=download&id=1khjrqsRi9vziUkG6ZiYyK-05mYhzIrm8,https://drive.google.com/uc?export=download&id=13ViXf3r_jMkT_sBItBjOpnVw0fisDmha,https://drive.google.com/uc?export=download&id=1Pf9t0pXFuMjeiQR1xgV_mbfQhEuH19Z5,https://drive.google.com/uc?export=download&id=1q9TYzEcADhX6UmpA49caWWu62Bx4YKcA,https://drive.google.com/uc?export=download&id=1z1xEWiK5H8u0UgzBgY6qqUVgthu2i4UZ,patch_012_vol022_ch0_pred_cvfold1_ntr5_nev2_fttr4_ftval1_fold1_trlim5_seed100.nii.gz,cvfold1_ntr5_nev2_fttr4_ftval1_fold1_trlim5_seed100,cvfold1_ntr5_nev2_fttr4_ftval1_fold1_trlim5_seed100,cvfold1_ntr5_nev2_fttr4_ftval1_fold1_trlim5_seed100
vessels_size15_patch_009_vol012_ch0_z64,vessels,15,64,https://drive.google.com/uc?export=download&id=1ebcJEUf0E6MCrKHQPPzCwoZgczVY_WQJ,https://drive.google.com/uc?export=download&id=10vbP8wTF4C8f5TBsIse99rOq5BfOrIsp,https://drive.google.com/uc?export=download&id=1UnqpcQUQE4CIaqeV33uge0VI4swO5xlk,https://drive.google.com/uc?export=download&id=1H95cqEPLxGJEu0T5VxdASWCKA45lHXAY,https://drive.google.com/uc?export=download&id=1UYKB7eaIHn1SfliFQLyJlfz2uHNrrf_n,patch_009_vol012_ch0_pred_cvfold2_ntr15_nev2_fttr12_ftval3_fold2_trlim15_seed100.nii.gz,cvfold2_ntr15_nev2_fttr12_ftval3_fold2_trlim15_seed100,cvfold2_ntr15_nev2_fttr12_ftval3_fold2_trlim15_seed100,cvfold2_ntr15_nev2_fttr12_ftval3_fold2_trlim15_seed100
cell_nucleus_size5_patch_022_vol008_ch0_z64,cell_nucleus,5,64,https://drive.google.com/uc?export=download&id=1mYCjK3crU4-V3L9UYftemj7Nl3iCTvPE,https://drive.google.com/uc?export=download&id=1s2iAgC_84DHHoVs7beYnNY6bS94so9Ei,https://drive.google.com/uc?export=download&id=1ntpn7e9afH9jTaoR8lm-_x3Qtl4dmHZz,https://drive.google.com/uc?export=download&id=1VtTcC6cnrhZe3TlM78KVp_r50PCqYZNb,https://drive.google.com/uc?export=download&id=1kTMPJXNPHbcJpnQlJ9ydkFf4W5Qo2YJz,patch_022_vol008_ch0_pred_cvfold2_ntr5_nev2_fttr4_ftval1_fold2_trlim5_seed100.nii.gz,cvfold2_ntr5_nev2_fttr4_ftval1_fold2_trlim5_seed100,cvfold2_ntr5_nev2_fttr4_ftval1_fold2_trlim5_seed100,cvfold2_ntr5_nev2_fttr4_ftval1_fold2_trlim5_seed100
amyloid_plaque_size5_patch_007_vol005_ch0_z32,amyloid_plaque,5,32,https://drive.google.com/uc?export=download&id=1P98JN1SeM3y3b2DrnAyAX91aNMSSzS99,https://drive.google.com/uc?export=download&id=1_m1K0Hi6O3MMnQY2DnD9LermZoNdPcE8,https://drive.google.com/uc?export=download&id=1dOB0XzPklo11t_q0-GS7k8ddM-FWhx0G,https://drive.google.com/uc?export=download&id=1iIkebijrcv_XA7WrnrzMQnW79L-91DSF,https://drive.google.com/uc?export=download&id=1YTwunWpdoQ6FaUuiy531Fn54OI7w00Zt,patch_007_vol005_ch0_pred_cvfold0_ntr5_nev2_fttr4_ftval1_fold0_trlim5_seed100.nii.gz,cvfold0_ntr5_nev2_fttr4_ftval1_fold0_trlim5_seed100,cvfold0_ntr5_nev2_fttr4_ftval1_fold0_trlim5_seed100,cvfold0_ntr5_nev2_fttr4_ftval1_fold0_trlim5_seed100
amyloid_plaque_size15_patch_010_vol021_ch0_z47,amyloid_plaque,15,47,https://drive.google.com/uc?export=download&id=1io_wP8HrSL9guUefYjpE9Cna-MgeUSHA,https://drive.google.com/uc?export=download&id=1za_wwvk4zvJ_gz1MddMxTlyhtuptdmuG,https://drive.google.com/uc?export=download&id=1-MhbKXm-QgeJ9DeWVAboeFQP9QY3uDoX,https://drive.google.com/uc?export=download&id=1jtxPfDpIExb2yb8bOy9xBnIosaYg1Fdb,https://drive.google.com/uc?export=download&id=1hBRcEnldOvP1cRuKzaiLuUsgMR6CxQWq,patch_010_vol021_ch0_pred_cvfold1_ntr15_nev2_fttr12_ftval3_fold1_trlim15_seed100.nii.gz,cvfold1_ntr15_nev2_fttr12_ftval3_fold1_trlim15_seed100,cvfold1_ntr15_nev2_fttr12_ftval3_fold1_trlim15_seed100,cvfold1_ntr15_nev2_fttr12_ftval3_fold1_trlim15_seed100
amyloid_plaque_size15_patch_007_vol005_ch0_z32,amyloid_plaque,15,32,https://drive.google.com/uc?export=download&id=16rNlPJVJk5fMXzFTPU7l3U_L-b-Q3bUf,https://drive.google.com/uc?export=download&id=1HaUlMRJM6z5bOV8q1CCsmm1vimVGI8Ur,https://drive.google.com/uc?export=download&id=1ZrYjXKzr-yfsbdhOKrQGFEzrK2FmX0yw,https://drive.google.com/uc?export=download&id=1CNEizWoBDYnR9w-41p0LfyQ_Dl8aKSCa,https://drive.google.com/uc?export=download&id=1qL6uo7pSuxsaUqD7doWvNUVvd4GzKCza,patch_007_vol005_ch0_pred_cvfold0_ntr15_nev2_fttr12_ftval3_fold0_trlim15_seed100.nii.gz,cvfold0_ntr15_nev2_fttr12_ftval3_fold0_trlim15_seed100,cvfold0_ntr15_nev2_fttr12_ftval3_fold0_trlim15_seed100,cvfold0_ntr15_nev2_fttr12_ftval3_fold0_trlim15_seed100
cell_nucleus_size15_patch_022_vol008_ch0_z32,cell_nucleus,15,32,https://drive.google.com/uc?export=download&id=12VvH7t2YoTGezAewghUHkZKCwlElW2B2,https://drive.google.com/uc?export=download&id=1gyRE6UOyRbfM6mVZ3sRKvTsk86IR6rAu,https://drive.google.com/uc?export=download&id=1kMCYBIqiuKiAbuoBxNh8r6bo6mKN86_N,https://drive.google.com/uc?export=download&id=1ZFjrJmAlOdQG6STOFbADlcLFW0kbzwMx,https://drive.google.com/uc?export=download&id=1CSGlr4NKpktga1-1thepmJ4r3L8uYP8s,patch_022_vol008_ch0_pred_cvfold2_ntr15_nev2_fttr12_ftval3_fold2_trlim15_seed100.nii.gz,cvfold2_ntr15_nev2_fttr12_ftval3_fold2_trlim15_seed100,cvfold2_ntr15_nev2_fttr12_ftval3_fold2_trlim15_seed100,cvfold2_ntr15_nev2_fttr12_ftval3_fold2_trlim15_seed100
cell_nucleus_size15_patch_006_vol006_ch0_z64,cell_nucleus,15,64,https://drive.google.com/uc?export=download&id=1_DI0zqWtVqJRb2Un3yrFicBYMpjI1P37,https://drive.google.com/uc?export=download&id=11LQuBTBO_EwkFYPHyST2vSCOKgJQA1cV,https://drive.google.com/uc?export=download&id=18M1-MM_t8N8Ak3vfCbXiabyzFWOOwDaz,https://drive.google.com/uc?export=download&id=1867Vwsy5TURtKHnq3rHuCqas-YDRYFji,https://drive.google.com/uc?export=download&id=1r2tTHUXNzlWeoHwlIZLz4-kPMJTHtWFv,patch_006_vol006_ch0_pred_cvfold0_ntr15_nev2_fttr12_ftval3_fold0_trlim15_seed100.nii.gz,cvfold0_ntr15_nev2_fttr12_ftval3_fold0_trlim15_seed100,cvfold0_ntr15_nev2_fttr12_ftval3_fold0_trlim15_seed100,cvfold0_ntr15_nev2_fttr12_ftval3_fold0_trlim15_seed100
vessels_size5_patch_014_vol013_ch0_z64,vessels,5,64,https://drive.google.com/uc?export=download&id=1ajGzgqfSx3XgjFhg-aF8vP7DTSPGYgkx,https://drive.google.com/uc?export=download&id=1Wdup6uhvpXElWcXNwjqRKXZ6nJd103Eu,https://drive.google.com/uc?export=download&id=1r3E-kZGqNXH7ehxILW6Uu8NwGKZigAiR,https://drive.google.com/uc?export=download&id=1YJQs-oKhNdjwsBTM0HKx26qTxg9qEc0o,https://drive.google.com/uc?export=download&id=1ex89r4KD2KMYf-SRSV7_n_VdJXDfL5TJ,patch_014_vol013_ch0_pred_cvfold2_ntr5_nev2_fttr4_ftval1_fold2_trlim5_seed100.nii.gz,cvfold2_ntr5_nev2_fttr4_ftval1_fold2_trlim5_seed100,cvfold2_ntr5_nev2_fttr4_ftval1_fold2_trlim5_seed100,cvfold2_ntr5_nev2_fttr4_ftval1_fold2_trlim5_seed100
vessels_size5_patch_017_vol006_ch1_z32,vessels,5,32,https://drive.google.com/uc?export=download&id=1TS7QDGIhnUX663JbXUoJQdH0iDgc6-Cf,https://drive.google.com/uc?export=download&id=1Q6fevwj8ICWZjMDs-hm3tPSyMP0F4s6r,https://drive.google.com/uc?export=download&id=1RqchlIpmfYhwNn-xUD2ZJz62t9olz_Kn,https://drive.google.com/uc?export=download&id=1XVszuxj5Gp99BDsl5FNs7XktOINidh4c,https://drive.google.com/uc?export=download&id=17lUrAKsYsdOODu4doo2UN7fADjQXJMAR,patch_017_vol006_ch1_pred_cvfold0_ntr5_nev2_fttr4_ftval1_fold0_trlim5_seed100.nii.gz,cvfold0_ntr5_nev2_fttr4_ftval1_fold0_trlim5_seed100,cvfold0_ntr5_nev2_fttr4_ftval1_fold0_trlim5_seed100,cvfold0_ntr5_nev2_fttr4_ftval1_fold0_trlim5_seed100
amyloid_plaque_size15_patch_002_vol023_ch0_z47,amyloid_plaque,15,47,https://drive.google.com/uc?export=download&id=16B9O-t_kv60gi8UJLsaI_77AatnPoeZy,https://drive.google.com/uc?export=download&id=1E6h_H4Ak_Jl1C1c2YT6clhkWmme-nxzI,https://drive.google.com/uc?export=download&id=1VVZQNrPgsLghqrnP5jB-YNyOz3tp1bji,https://drive.google.com/uc?export=download&id=1dK_L3_gtj4OUlWXiuXFO9LRQOUj-S1wv,https://drive.google.com/uc?export=download&id=1ZwB4Rov93mFKVINu9vxnwuze-XIED5YX,patch_002_vol023_ch0_pred_cvfold1_ntr15_nev2_fttr12_ftval3_fold1_trlim15_seed100.nii.gz,cvfold1_ntr15_nev2_fttr12_ftval3_fold1_trlim15_seed100,cvfold1_ntr15_nev2_fttr12_ftval3_fold1_trlim15_seed100,cvfold1_ntr15_nev2_fttr12_ftval3_fold1_trlim15_seed100
cell_nucleus_size15_patch_020_vol011_ch0_z32,cell_nucleus,15,32,https://drive.google.com/uc?export=download&id=1gZugso_b172eDQSNP3YCnbCKwMJFOV8A,https://drive.google.com/uc?export=download&id=1CDsaGY-q377oPmPelqhFo7dEKW7rGF2V,https://drive.google.com/uc?export=download&id=1-iFnOnN5Y9mfB38GxZxQPsvz6X8ghwgq,https://drive.google.com/uc?export=download&id=1fjSsjrUlKLd9-q0QDPCcjZEvEpMYGtmT,https://drive.google.com/uc?export=download&id=1lBfV8EgaFZ5Anj4jPJcoziJjcyIcL9JG,patch_020_vol011_ch0_pred_cvfold0_ntr15_nev2_fttr12_ftval3_fold0_trlim15_seed100.nii.gz,cvfold0_ntr15_nev2_fttr12_ftval3_fold0_trlim15_seed100,cvfold0_ntr15_nev2_fttr12_ftval3_fold0_trlim15_seed100,cvfold0_ntr15_nev2_fttr12_ftval3_fold0_trlim15_seed100
vessels_size15_patch_000_vol019_ch0_z32,vessels,15,32,https://drive.google.com/uc?export=download&id=1uKP4g5bgCQVJi1KLXMF-X6czrGrqa5y9,https://drive.google.com/uc?export=download&id=1vMghVMQo8pKy1c0W2ny0UR2vUYHg6H-3,https://drive.google.com/uc?export=download&id=1x9DhQ5ODvOOElnrr4O_zO_u_2hgGjc8E,https://drive.google.com/uc?export=download&id=1I3peN5RcVtGTZt1N5BdSDrxy-l5RM1Xl,https://drive.google.com/uc?export=download&id=12yJSZaputhoqscmy10WiVasMgzJdh00c,patch_000_vol019_ch0_pred_cvfold0_ntr15_nev2_fttr12_ftval3_fold0_trlim15_seed100.nii.gz,cvfold0_ntr15_nev2_fttr12_ftval3_fold0_trlim15_seed100,cvfold0_ntr15_nev2_fttr12_ftval3_fold0_trlim15_seed100,cvfold0_ntr15_nev2_fttr12_ftval3_fold0_trlim15_seed100
cell_nucleus_size15_patch_018_vol009_ch0_z32,cell_nucleus,15,32,https://drive.google.com/uc?export=download&id=1ZuJUOjCA3X025QPAs_17Gjv-xvj4rse4,https://drive.google.com/uc?export=download&id=1hO2GuqyIEcM7LRocs0KConic-kFe_L-l,https://drive.google.com/uc?export=download&id=1mPpjYBfltd58Nwlpis24r-NqLIY0GBH2,https://drive.google.com/uc?export=download&id=11JI-nFX8AE7eq5Uia4_aGN9EjWMLmy8M,https://drive.google.com/uc?export=download&id=1XYe-oz7UFM_3k3PuUbLh6tWHnJKK7fxg,patch_018_vol009_ch0_pred_cvfold1_ntr15_nev2_fttr12_ftval3_fold1_trlim15_seed100.nii.gz,cvfold1_ntr15_nev2_fttr12_ftval3_fold1_trlim15_seed100,cvfold1_ntr15_nev2_fttr12_ftval3_fold1_trlim15_seed100,cvfold1_ntr15_nev2_fttr12_ftval3_fold1_trlim15_seed100
cell_nucleus_size15_patch_008_vol002_ch0_z64,cell_nucleus,15,64,https://drive.google.com/uc?export=download&id=1zi2FwyoaywD2xmipqfc9t4au2xbIf6Qn,https://drive.google.com/uc?export=download&id=1KxGl-mf5Jm_6dFFJqnVzd7c2sb8650ky,https://drive.google.com/uc?export=download&id=1owEuXLRNOuDpW1JG6qqiScOiN7P8ugiV,https://drive.google.com/uc?export=download&id=1bV-ftbkqCBUKOovza8Eo0_7z4qjhBTl3,https://drive.google.com/uc?export=download&id=1OnavbjZ7jUlSvvsBo_qxBBNvBN3f7BEF,patch_008_vol002_ch0_pred_cvfold2_ntr15_nev2_fttr12_ftval3_fold2_trlim15_seed100.nii.gz,cvfold2_ntr15_nev2_fttr12_ftval3_fold2_trlim15_seed100,cvfold2_ntr15_nev2_fttr12_ftval3_fold2_trlim15_seed100,cvfold2_ntr15_nev2_fttr12_ftval3_fold2_trlim15_seed100
cell_nucleus_size5_patch_018_vol009_ch0_z32,cell_nucleus,5,32,https://drive.google.com/uc?export=download&id=1CcP_nTLLad_C6giEsSicLGuWQ61AcXkh,https://drive.google.com/uc?export=download&id=1cPjgQC3ovBN-8ULVEdCOMKgx5xUUseyU,https://drive.google.com/uc?export=download&id=1FGEkvQaiCpiGH--d6Ua7TIhJ1wF5b_ym,https://drive.google.com/uc?export=download&id=1c9Eo64dzhIOl9lnPWCtU5MhJRWT6rinr,https://drive.google.com/uc?export=download&id=16-XU5oGK8-jh0pu5TmgcuqASgd_SROqP,patch_018_vol009_ch0_pred_cvfold1_ntr5_nev2_fttr4_ftval1_fold1_trlim5_seed100.nii.gz,cvfold1_ntr5_nev2_fttr4_ftval1_fold1_trlim5_seed100,cvfold1_ntr5_nev2_fttr4_ftval1_fold1_trlim5_seed100,cvfold1_ntr5_nev2_fttr4_ftval1_fold1_trlim5_seed100
vessels_size15_patch_012_vol022_ch0_z32,vessels,15,32,https://drive.google.com/uc?export=download&id=1Gy7rQ9-oz9wJTVygDVcEs6wRK12tgK4O,https://drive.google.com/uc?export=download&id=1I2Mzv2aTu7gn6UvoLbUTdqSDAlWLKTCZ,https://drive.google.com/uc?export=download&id=18BKEZuJUVKz3uiO0yDGfZGs1EAYbm8Tx,https://drive.google.com/uc?export=download&id=1iIEXNEx1Ww9xAxiaK7kXn7wBmd1iPGjJ,https://drive.google.com/uc?export=download&id=1V52-Ben2iTbD64OwTVgW1Drvq7KK_030,patch_012_vol022_ch0_pred_cvfold1_ntr15_nev2_fttr12_ftval3_fold1_trlim15_seed100.nii.gz,cvfold1_ntr15_nev2_fttr12_ftval3_fold1_trlim15_seed100,cvfold1_ntr15_nev2_fttr12_ftval3_fold1_trlim15_seed100,cvfold1_ntr15_nev2_fttr12_ftval3_fold1_trlim15_seed100
vessels_size5_patch_009_vol012_ch0_z32,vessels,5,32,https://drive.google.com/uc?export=download&id=12w6kZd5WnP550yIYwGNCjENX-ObWoIPN,https://drive.google.com/uc?export=download&id=1g7MJQXWvl8oaoy6DO48cfs4P-GZxaXQf,https://drive.google.com/uc?export=download&id=1sFbMWkjfkGSIFxcfmbjlGTVlGujX0nwm,https://drive.google.com/uc?export=download&id=1Vwl2c9GJNyW10nVXeYRAUuLYcLOAkow7,https://drive.google.com/uc?export=download&id=1AP0Cu0gztH6APLo1FJyMbRYNerrwXju-,patch_009_vol012_ch0_pred_cvfold2_ntr5_nev2_fttr4_ftval1_fold2_trlim5_seed100.nii.gz,cvfold2_ntr5_nev2_fttr4_ftval1_fold2_trlim5_seed100,cvfold2_ntr5_nev2_fttr4_ftval1_fold2_trlim5_seed100,cvfold2_ntr5_nev2_fttr4_ftval1_fold2_trlim5_seed100
vessels_size15_patch_006_vol020_ch0_z32,vessels,15,32,https://drive.google.com/uc?export=download&id=1eI6GNx_qsAMhpe3OoPvi-ZyTs9bplaoI,https://drive.google.com/uc?export=download&id=1d1k0NWkiSisFRSI5LYksKt0bmrb8BkXc,https://drive.google.com/uc?export=download&id=1WR4yEbU_tlE07Jg4g-yr4mc2ujsTbLJ_,https://drive.google.com/uc?export=download&id=1xZ0R_hiTKXZmOOnr2zhhm_Ycn2K837OF,https://drive.google.com/uc?export=download&id=119BdlHCvCiYzWo3Nomzkk9fftJUfqK0H,patch_006_vol020_ch0_pred_cvfold1_ntr15_nev2_fttr12_ftval3_fold1_trlim15_seed100.nii.gz,cvfold1_ntr15_nev2_fttr12_ftval3_fold1_trlim15_seed100,cvfold1_ntr15_nev2_fttr12_ftval3_fold1_trlim15_seed100,cvfold1_ntr15_nev2_fttr12_ftval3_fold1_trlim15_seed100
cell_nucleus_size15_patch_022_vol008_ch0_z64,cell_nucleus,15,64,https://drive.google.com/uc?export=download&id=1Wh7w_tTaCLDr-v2bNl_s2fPwXmxJQO2R,https://drive.google.com/uc?export=download&id=12Y86pACaXqUihlLT2E8iS9zVKoDgXPzB,https://drive.google.com/uc?export=download&id=1Kfvp5hmpJLi9iKu4tUWUhF-aAkvG20Z_,https://drive.google.com/uc?export=download&id=11uccWaEBBLBsTgrYM5wgVNLtrakw04wU,https://drive.google.com/uc?export=download&id=1h_ImyOYNmDgA3V6xjdhq5x3Mtw-JpkIN,patch_022_vol008_ch0_pred_cvfold2_ntr15_nev2_fttr12_ftval3_fold2_trlim15_seed100.nii.gz,cvfold2_ntr15_nev2_fttr12_ftval3_fold2_trlim15_seed100,cvfold2_ntr15_nev2_fttr12_ftval3_fold2_trlim15_seed100,cvfold2_ntr15_nev2_fttr12_ftval3_fold2_trlim15_seed100
amyloid_plaque_size5_patch_018_vol020_ch0_z47,amyloid_plaque,5,47,https://drive.google.com/uc?export=download&id=1SH3Gbsq3fvy6jTddZyU6pJS9aFQ6DWRv,https://drive.google.com/uc?export=download&id=1UBWMnOVGU6Eh4YD74nbLVp8sYxHEM4sO,https://drive.google.com/uc?export=download&id=1nmXM1ZxC69VMTFRe70MP2_2Qf3oINrqG,https://drive.google.com/uc?export=download&id=1oT5V3rsxs2lPT5D46U4nqqAN-KCS2WvD,https://drive.google.com/uc?export=download&id=1eoXGNMR_6RaImGji0EjXXJvk8aNna99r,patch_018_vol020_ch0_pred_cvfold0_ntr5_nev2_fttr4_ftval1_fold0_trlim5_seed100.nii.gz,cvfold0_ntr5_nev2_fttr4_ftval1_fold0_trlim5_seed100,cvfold0_ntr5_nev2_fttr4_ftval1_fold0_trlim5_seed100,cvfold0_ntr5_nev2_fttr4_ftval1_fold0_trlim5_seed100
vessels_size5_patch_017_vol006_ch1_z64,vessels,5,64,https://drive.google.com/uc?export=download&id=1rwh0_eqowSGH6Vq_sfwAFb4zImiQ8BiX,https://drive.google.com/uc?export=download&id=1qbXFOa1HiQnjkex3oHqjoyMPw3oYvPcj,https://drive.google.com/uc?export=download&id=1HGkphH8e_RfHL_MCXoTNow5cNqISypZJ,https://drive.google.com/uc?export=download&id=1Qc4TNXujeFDs4HVu50NaQPpxJ_j14o_j,https://drive.google.com/uc?export=download&id=1jtEVe9JZeKL_xEre4c1g9hahmcEiJKfR,patch_017_vol006_ch1_pred_cvfold0_ntr5_nev2_fttr4_ftval1_fold0_trlim5_seed100.nii.gz,cvfold0_ntr5_nev2_fttr4_ftval1_fold0_trlim5_seed100,cvfold0_ntr5_nev2_fttr4_ftval1_fold0_trlim5_seed100,cvfold0_ntr5_nev2_fttr4_ftval1_fold0_trlim5_seed100
vessels_size15_patch_017_vol006_ch1_z32,vessels,15,32,https://drive.google.com/uc?export=download&id=1zUjA8fjO7nRycfONlEf_QegR3OTL582S,https://drive.google.com/uc?export=download&id=1iQrwyT2AKVTTd9lb2TP-IV_4rrGMt9hJ,https://drive.google.com/uc?export=download&id=1e_mRkiPd5izTO2UyUH5HpA8By-dDsLQ2,https://drive.google.com/uc?export=download&id=1uOiFitLr9hxdKi2qYVmzP6MH8PAqxS1Q,https://drive.google.com/uc?export=download&id=1Y0f9QGpV45ONGKtQy8Yk6g100giXlDAd,patch_017_vol006_ch1_pred_cvfold0_ntr15_nev2_fttr12_ftval3_fold0_trlim15_seed100.nii.gz,cvfold0_ntr15_nev2_fttr12_ftval3_fold0_trlim15_seed100,cvfold0_ntr15_nev2_fttr12_ftval3_fold0_trlim15_seed100,cvfold0_ntr15_nev2_fttr12_ftval3_fold0_trlim15_seed100
vessels_size5_patch_014_vol013_ch0_z32,vessels,5,32,https://drive.google.com/uc?export=download&id=1DUUzdDJZk7zPDkUJg0ex3xY6KjDD1OEN,https://drive.google.com/uc?export=download&id=1q4mShZlsob6PyqA1n3jX2YMaQ7KFFPcz,https://drive.google.com/uc?export=download&id=1MK6UoQpuhzaBPnGHUhW_URS6qRLPptf-,https://drive.google.com/uc?export=download&id=16YEUsYwLvTR1GFD0MWi6hLb58rr33ZWi,https://drive.google.com/uc?export=download&id=1j7WWXfjApyTpLrjNXF9u1vOWdyaihPio,patch_014_vol013_ch0_pred_cvfold2_ntr5_nev2_fttr4_ftval1_fold2_trlim5_seed100.nii.gz,cvfold2_ntr5_nev2_fttr4_ftval1_fold2_trlim5_seed100,cvfold2_ntr5_nev2_fttr4_ftval1_fold2_trlim5_seed100,cvfold2_ntr5_nev2_fttr4_ftval1_fold2_trlim5_seed100
amyloid_plaque_size15_patch_010_vol021_ch0_z48,amyloid_plaque,15,48,https://drive.google.com/uc?export=download&id=1G150R-J9CQDrlJOrR5nGdGpb-ZFFolHs,https://drive.google.com/uc?export=download&id=1WQZ7hXlYg0twVdxiEwVmvqEEOOmkTJkz,https://drive.google.com/uc?export=download&id=1rMh1gUFnddauSJOFsfExNO_KbNshN6DK,https://drive.google.com/uc?export=download&id=16btkPwjwcFH_rPII3vfblccs3lChTt75,https://drive.google.com/uc?export=download&id=1dfBstOgcCEVwHasHPLQvGJM5Kpkt71KA,patch_010_vol021_ch0_pred_cvfold1_ntr15_nev2_fttr12_ftval3_fold1_trlim15_seed100.nii.gz,cvfold1_ntr15_nev2_fttr12_ftval3_fold1_trlim15_seed100,cvfold1_ntr15_nev2_fttr12_ftval3_fold1_trlim15_seed100,cvfold1_ntr15_nev2_fttr12_ftval3_fold1_trlim15_seed100
amyloid_plaque_size15_patch_007_vol005_ch0_z47,amyloid_plaque,15,47,https://drive.google.com/uc?export=download&id=1HvRr472JiaLSCO8NY-riNb2CpK0x3c-t,https://drive.google.com/uc?export=download&id=1TaARl8gynAs1clqCk1D0HeH2UkSWOIcD,https://drive.google.com/uc?export=download&id=1nI0w6ZQzfG7v7FOb97Cs6zQgQkTVBHSA,https://drive.google.com/uc?export=download&id=1om12KEhrU7Q91QhKGoU82NN656zhj-Ts,https://drive.google.com/uc?export=download&id=1Gimzr9F6b7_yx__8R5EMa6zfi7WSE3CO,patch_007_vol005_ch0_pred_cvfold0_ntr15_nev2_fttr12_ftval3_fold0_trlim15_seed100.nii.gz,cvfold0_ntr15_nev2_fttr12_ftval3_fold0_trlim15_seed100,cvfold0_ntr15_nev2_fttr12_ftval3_fold0_trlim15_seed100,cvfold0_ntr15_nev2_fttr12_ftval3_fold0_trlim15_seed100
amyloid_plaque_size5_patch_007_vol005_ch0_z47,amyloid_plaque,5,47,https://drive.google.com/uc?export=download&id=1g5imR4Mu4yV-z4r8guJsJPBS9oUmQkHD,https://drive.google.com/uc?export=download&id=1KBVdIUCy92vaMcEtidzZYUnbW1zGq9c-,https://drive.google.com/uc?export=download&id=1CJpGPcNnWzTKZAU85UTsrM9PDZMuW2hh,https://drive.google.com/uc?export=download&id=1B32H2hiNk2w9F4ypQsqYVEFAdaEfrQrU,https://drive.google.com/uc?export=download&id=1V9kWke6zLbpnK8nUfNUHSVPN6lBqob-B,patch_007_vol005_ch0_pred_cvfold0_ntr5_nev2_fttr4_ftval1_fold0_trlim5_seed100.nii.gz,cvfold0_ntr5_nev2_fttr4_ftval1_fold0_trlim5_seed100,cvfold0_ntr5_nev2_fttr4_ftval1_fold0_trlim5_seed100,cvfold0_ntr5_nev2_fttr4_ftval1_fold0_trlim5_seed100
cell_nucleus_size5_patch_018_vol009_ch0_z64,cell_nucleus,5,64,https://drive.google.com/uc?export=download&id=13vlQFDGsrIwCkhJnbJgfV7f2FuffsOy7,https://drive.google.com/uc?export=download&id=1GTp_VVTU9JFgVagRTHeyGOqRCi1e8SU9,https://drive.google.com/uc?export=download&id=1huDjUS6yKOKQUNnQrBNaNM5K8CCIrJIJ,https://drive.google.com/uc?export=download&id=1IKbO9ZpmgwJlJrJKou8VwxVPhsK3xv8l,https://drive.google.com/uc?export=download&id=1zdPM98oKwqorRzh_xM0ySHFwMBHxc50o,patch_018_vol009_ch0_pred_cvfold1_ntr5_nev2_fttr4_ftval1_fold1_trlim5_seed100.nii.gz,cvfold1_ntr5_nev2_fttr4_ftval1_fold1_trlim5_seed100,cvfold1_ntr5_nev2_fttr4_ftval1_fold1_trlim5_seed100,cvfold1_ntr5_nev2_fttr4_ftval1_fold1_trlim5_seed100
cell_nucleus_size15_patch_008_vol002_ch0_z32,cell_nucleus,15,32,https://drive.google.com/uc?export=download&id=1Zeg3jqvko8Du33QaIF4oTPmrq2BDtPHK,https://drive.google.com/uc?export=download&id=1SK3aUNSMACbXPRAy4nQB0Ts2B2xa4Xup,https://drive.google.com/uc?export=download&id=1rjjjM_ZnwEksGiLOz-RgBaSRgrsYjxGQ,https://drive.google.com/uc?export=download&id=1vHLlmLnDKyQDTuv36H0M8ifqa7im_3bP,https://drive.google.com/uc?export=download&id=1QV6-BMEzYNo3dN54lIC3VOjlDwajqijH,patch_008_vol002_ch0_pred_cvfold2_ntr15_nev2_fttr12_ftval3_fold2_trlim15_seed100.nii.gz,cvfold2_ntr15_nev2_fttr12_ftval3_fold2_trlim15_seed100,cvfold2_ntr15_nev2_fttr12_ftval3_fold2_trlim15_seed100,cvfold2_ntr15_nev2_fttr12_ftval3_fold2_trlim15_seed100
cell_nucleus_size5_patch_020_vol011_ch0_z64,cell_nucleus,5,64,https://drive.google.com/uc?export=download&id=1rkmgV5sadvQVgxy0ekgteCxzFI6NDpPj,https://drive.google.com/uc?export=download&id=1m1uWTak9chsBR4lkGZ-qB54R4O8GZ4dY,https://drive.google.com/uc?export=download&id=1n9bH6awkopZUtWumL7iRiCold17WX-4t,https://drive.google.com/uc?export=download&id=1Zncf_XUlAPP74-l1dwiT9KRD3W923Aix,https://drive.google.com/uc?export=download&id=1ZFdZJ06eVFZaWh9dHOeP_n7ADct9yAvK,patch_020_vol011_ch0_pred_cvfold0_ntr5_nev2_fttr4_ftval1_fold0_trlim5_seed100.nii.gz,cvfold0_ntr5_nev2_fttr4_ftval1_fold0_trlim5_seed100,cvfold0_ntr5_nev2_fttr4_ftval1_fold0_trlim5_seed100,cvfold0_ntr5_nev2_fttr4_ftval1_fold0_trlim5_seed100
amyloid_plaque_size15_patch_012_vol033_ch0_z32,amyloid_plaque,15,32,https://drive.google.com/uc?export=download&id=1bMyxRyPfAoAKGdSHIS48HyjXemaZnBXk,https://drive.google.com/uc?export=download&id=1kt-6Soz7y7qDk3wk-TgE8weG2kFCj63-,https://drive.google.com/uc?export=download&id=1FYqF2fAfS4ZRcNFGfhWyYE9rXhAClfV9,https://drive.google.com/uc?export=download&id=1f0QUmNu1O3CDPSi0T8hG5FTIzT-Rdz5i,https://drive.google.com/uc?export=download&id=1eCe3ApVExW6WB_mJbjEmuv3k9nVZMt_3,patch_012_vol033_ch0_pred_cvfold2_ntr15_nev2_fttr12_ftval3_fold2_trlim15_seed100.nii.gz,cvfold2_ntr15_nev2_fttr12_ftval3_fold2_trlim15_seed100,cvfold2_ntr15_nev2_fttr12_ftval3_fold2_trlim15_seed100,cvfold2_ntr15_nev2_fttr12_ftval3_fold2_trlim15_seed100
cell_nucleus_size5_patch_010_vol000_ch0_z64,cell_nucleus,5,64,https://drive.google.com/uc?export=download&id=1jcfP0DCehMfuoRNMCc1n7Z5Qr-Ct1CTQ,https://drive.google.com/uc?export=download&id=1Zxpd9nHIgejljBFOjlchwcGmrrZ0vX84,https://drive.google.com/uc?export=download&id=15EwtS2_scdCQmGTUeeMmDe3Z8b_vJk0_,https://drive.google.com/uc?export=download&id=1QK5DUMJLVOUaapFe5__wGkh2fJLOCmdG,https://drive.google.com/uc?export=download&id=1UT9xS9a1brutlUftSeRqT2iLqUnu595f,patch_010_vol000_ch0_pred_cvfold1_ntr5_nev2_fttr4_ftval1_fold1_trlim5_seed100.nii.gz,cvfold1_ntr5_nev2_fttr4_ftval1_fold1_trlim5_seed100,cvfold1_ntr5_nev2_fttr4_ftval1_fold1_trlim5_seed100,cvfold1_ntr5_nev2_fttr4_ftval1_fold1_trlim5_seed100
cell_nucleus_size15_patch_018_vol009_ch0_z64,cell_nucleus,15,64,https://drive.google.com/uc?export=download&id=1TjVTJiofBAwkn9MQltMqcDhgv4kXPNXx,https://drive.google.com/uc?export=download&id=11aayXmioQ6vy0lo9RocrYuO24PqYZfU1,https://drive.google.com/uc?export=download&id=1sblpTPr1KuOtISG3MXBypTdQxmRWIxwD,https://drive.google.com/uc?export=download&id=1gRnnPbvb5QmyCBzOp7SL_gs2KTTCn7fp,https://drive.google.com/uc?export=download&id=17fs4Ws7eZkz-r0rwE9K_VQVZFGpcdwLL,patch_018_vol009_ch0_pred_cvfold1_ntr15_nev2_fttr12_ftval3_fold1_trlim15_seed100.nii.gz,cvfold1_ntr15_nev2_fttr12_ftval3_fold1_trlim15_seed100,cvfold1_ntr15_nev2_fttr12_ftval3_fold1_trlim15_seed100,cvfold1_ntr15_nev2_fttr12_ftval3_fold1_trlim15_seed100
cell_nucleus_size15_patch_006_vol006_ch0_z32,cell_nucleus,15,32,https://drive.google.com/uc?export=download&id=11th3_a_9Q9q6UaZl6746xNr66Wg1Tfvd,https://drive.google.com/uc?export=download&id=1AQPr9uxerDToxSn_LNnoFWIpTm38wOdC,https://drive.google.com/uc?export=download&id=1einPfQqjS810MCLmpBuArz7qS_uzfqDF,https://drive.google.com/uc?export=download&id=1BBWJi8TdXvpKR59z0pI3_CctS-HZL3o7,https://drive.google.com/uc?export=download&id=1wJX4-51UPTLdidc8s2mGtGG4sK9aUuK7,patch_006_vol006_ch0_pred_cvfold0_ntr15_nev2_fttr12_ftval3_fold0_trlim15_seed100.nii.gz,cvfold0_ntr15_nev2_fttr12_ftval3_fold0_trlim15_seed100,cvfold0_ntr15_nev2_fttr12_ftval3_fold0_trlim15_seed100,cvfold0_ntr15_nev2_fttr12_ftval3_fold0_trlim15_seed100
amyloid_plaque_size15_patch_018_vol020_ch0_z47,amyloid_plaque,15,47,https://drive.google.com/uc?export=download&id=1fwNqn7bHOSRLW94s8KPCyI8FizSTZw9x,https://drive.google.com/uc?export=download&id=1mjZmTx64QIj4Zdu4V5yARQ6RO15DH4Mh,https://drive.google.com/uc?export=download&id=1qAhmP7mUvPmIRrtFkpoKGxvQ1P1EA7rD,https://drive.google.com/uc?export=download&id=13LO1fai0ldA-5W5ghNFvbPhB6IpRA_U3,https://drive.google.com/uc?export=download&id=17hfmUSIXd7-F7tLkIV-__nlqDFlRuyxY,patch_018_vol020_ch0_pred_cvfold0_ntr15_nev2_fttr12_ftval3_fold0_trlim15_seed100.nii.gz,cvfold0_ntr15_nev2_fttr12_ftval3_fold0_trlim15_seed100,cvfold0_ntr15_nev2_fttr12_ftval3_fold0_trlim15_seed100,cvfold0_ntr15_nev2_fttr12_ftval3_fold0_trlim15_seed100
vessels_size15_patch_014_vol013_ch0_z32,vessels,15,32,https://drive.google.com/uc?export=download&id=1YvJH-nuF663TRHWWbmdE0PJ7OCJdZH5n,https://drive.google.com/uc?export=download&id=1A7-0U7BEOBiyueAP6qLpNHHkdMnTTTi3,https://drive.google.com/uc?export=download&id=1EnqtLMNOUlVn2tqibnDV8jbfhzjnMhnh,https://drive.google.com/uc?export=download&id=1oYY8YBH2zdyxA_h-BzU2XAtZSEjB_W62,https://drive.google.com/uc?export=download&id=1ADZn_x0TW-5rYlZ3TyLN2ReL0gZNenVV,patch_014_vol013_ch0_pred_cvfold2_ntr15_nev2_fttr12_ftval3_fold2_trlim15_seed100.nii.gz,cvfold2_ntr15_nev2_fttr12_ftval3_fold2_trlim15_seed100,cvfold2_ntr15_nev2_fttr12_ftval3_fold2_trlim15_seed100,cvfold2_ntr15_nev2_fttr12_ftval3_fold2_trlim15_seed100
vessels_size15_patch_009_vol012_ch0_z32,vessels,15,32,https://drive.google.com/uc?export=download&id=18xpGdWVU2DYajzTXHu8NIIT97NrINaCV,https://drive.google.com/uc?export=download&id=1K5P86HEM5hZ2a7L__vSfVI1pvy7XUSmZ,https://drive.google.com/uc?export=download&id=1wKagZjgzAlTKgrEa_wOER3nO4mBjF6Lv,https://drive.google.com/uc?export=download&id=1hKoyNCHi8OL7pJ2eYEEpoEZTN91oH9D0,https://drive.google.com/uc?export=download&id=1whxJx7WC5R2kcYKrvBQJKha-tE0ehN6C,patch_009_vol012_ch0_pred_cvfold2_ntr15_nev2_fttr12_ftval3_fold2_trlim15_seed100.nii.gz,cvfold2_ntr15_nev2_fttr12_ftval3_fold2_trlim15_seed100,cvfold2_ntr15_nev2_fttr12_ftval3_fold2_trlim15_seed100,cvfold2_ntr15_nev2_fttr12_ftval3_fold2_trlim15_seed100
vessels_size5_patch_000_vol019_ch0_z64,vessels,5,64,https://drive.google.com/uc?export=download&id=1ivRMovwlCh3jCGtepOgJxcpsGWg3knxH,https://drive.google.com/uc?export=download&id=1ay2m2n7qZ3fKU8wI7-FEGEKixGjiDFrC,https://drive.google.com/uc?export=download&id=1GQ98IN2amq4ZTjSFA7gjnRin9PXMzX4Z,https://drive.google.com/uc?export=download&id=1r18y5GOfWv2KLD6FOo4cCUu1onkFYGib,https://drive.google.com/uc?export=download&id=16EygHbFA3j_OpXzd_nAWPdodYXQVQaB3,patch_000_vol019_ch0_pred_cvfold0_ntr5_nev2_fttr4_ftval1_fold0_trlim5_seed100.nii.gz,cvfold0_ntr5_nev2_fttr4_ftval1_fold0_trlim5_seed100,cvfold0_ntr5_nev2_fttr4_ftval1_fold0_trlim5_seed100,cvfold0_ntr5_nev2_fttr4_ftval1_fold0_trlim5_seed100
cell_nucleus_size5_patch_022_vol008_ch0_z32,cell_nucleus,5,32,https://drive.google.com/uc?export=download&id=1Xt3PTXAj5c8n7iD5WZNHB4soCXlGWS-Z,https://drive.google.com/uc?export=download&id=1n_af_tRrCzkFEah60NykwPoDE8mRhGX0,https://drive.google.com/uc?export=download&id=1DHduMBh8Aa9JIgCN3VW1wrF9YM-Xe3P5,https://drive.google.com/uc?export=download&id=1wWo2d1AFWg1e49WHYskBNuAZpHtkbXBT,https://drive.google.com/uc?export=download&id=17dF-oXuQJ9vyLp07KDl0-WiPCvJPF8G-,patch_022_vol008_ch0_pred_cvfold2_ntr5_nev2_fttr4_ftval1_fold2_trlim5_seed100.nii.gz,cvfold2_ntr5_nev2_fttr4_ftval1_fold2_trlim5_seed100,cvfold2_ntr5_nev2_fttr4_ftval1_fold2_trlim5_seed100,cvfold2_ntr5_nev2_fttr4_ftval1_fold2_trlim5_seed100
vessels_size5_patch_006_vol020_ch0_z64,vessels,5,64,https://drive.google.com/uc?export=download&id=166XltKFX0v_TP123lvawrbXJ_G_MVJuS,https://drive.google.com/uc?export=download&id=17z2tRaQfgXBkffTcarqUyX4GbmCQ2GjH,https://drive.google.com/uc?export=download&id=1FtQpmlbrtsDCKEu_WYpRUGcGOOFsOcMt,https://drive.google.com/uc?export=download&id=1JBMbsQcDRiaXh5gnDRXirmp4hZiAwdCD,https://drive.google.com/uc?export=download&id=1VK4AcWtTbGK6hXPaSo8qybmJ5Benr5qi,patch_006_vol020_ch0_pred_cvfold1_ntr5_nev2_fttr4_ftval1_fold1_trlim5_seed100.nii.gz,cvfold1_ntr5_nev2_fttr4_ftval1_fold1_trlim5_seed100,cvfold1_ntr5_nev2_fttr4_ftval1_fold1_trlim5_seed100,cvfold1_ntr5_nev2_fttr4_ftval1_fold1_trlim5_seed100
vessels_size5_patch_006_vol020_ch0_z32,vessels,5,32,https://drive.google.com/uc?export=download&id=1LLNncJRRFwRb_ZctytgsgpctoeqxMtei,https://drive.google.com/uc?export=download&id=1jFJIWZ0vC83X2_tR0hlg5ROEThQjTJ3d,https://drive.google.com/uc?export=download&id=1h9N7PL5h8pr1C-e1Jjsw6xMw4MXG3-3L,https://drive.google.com/uc?export=download&id=1bDrpepPJaC9n_IcixqYPi1VSJVmU4FYm,https://drive.google.com/uc?export=download&id=1nCBs5QOg1tNOnmpg54BCvYUGp3qEw_Ub,patch_006_vol020_ch0_pred_cvfold1_ntr5_nev2_fttr4_ftval1_fold1_trlim5_seed100.nii.gz,cvfold1_ntr5_nev2_fttr4_ftval1_fold1_trlim5_seed100,cvfold1_ntr5_nev2_fttr4_ftval1_fold1_trlim5_seed100,cvfold1_ntr5_nev2_fttr4_ftval1_fold1_trlim5_seed100
vessels_size5_patch_000_vol019_ch0_z32,vessels,5,32,https://drive.google.com/uc?export=download&id=1iLQHg0kj0r77xEc3dVOFBn1bVWL-jWju,https://drive.google.com/uc?export=download&id=179v7hyf2cvpbCh7c7jk1xuRMkvg496jH,https://drive.google.com/uc?export=download&id=1Po7jR9Q0H46puCwyw9KJsJdcLXpcuKMk,https://drive.google.com/uc?export=download&id=1pRsgXXErB8PUAlNp5AptxgvJBOMwpZnB,https://drive.google.com/uc?export=download&id=1YWVsFO7-bMykghRNLEdreH0I_WahQ4wa,patch_000_vol019_ch0_pred_cvfold0_ntr5_nev2_fttr4_ftval1_fold0_trlim5_seed100.nii.gz,cvfold0_ntr5_nev2_fttr4_ftval1_fold0_trlim5_seed100,cvfold0_ntr5_nev2_fttr4_ftval1_fold0_trlim5_seed100,cvfold0_ntr5_nev2_fttr4_ftval1_fold0_trlim5_seed100
vessels_size15_patch_012_vol022_ch0_z64,vessels,15,64,https://drive.google.com/uc?export=download&id=1q8KT_rvY72i1F66-pDJsD7ScCAh-i1Yr,https://drive.google.com/uc?export=download&id=1iNV3BpNmIZjYhjlqse02yP3BucweA7Rt,https://drive.google.com/uc?export=download&id=1YqL8A11IR0AuCgjABPH0Mktv404TzwMX,https://drive.google.com/uc?export=download&id=1c0hDeexuW64aYEt-X8nX0dgzFzJsYrWX,https://drive.google.com/uc?export=download&id=1dFU3ShD_Yzw8aoLotdfTs9fS30bFgR2f,patch_012_vol022_ch0_pred_cvfold1_ntr15_nev2_fttr12_ftval3_fold1_trlim15_seed100.nii.gz,cvfold1_ntr15_nev2_fttr12_ftval3_fold1_trlim15_seed100,cvfold1_ntr15_nev2_fttr12_ftval3_fold1_trlim15_seed100,cvfold1_ntr15_nev2_fttr12_ftval3_fold1_trlim15_seed100
cell_nucleus_size5_patch_006_vol006_ch0_z32,cell_nucleus,5,32,https://drive.google.com/uc?export=download&id=1OZqTzDCRxRInlXC7d4gzG8c36i-FKSZA,https://drive.google.com/uc?export=download&id=1i3RMEhajECii7QtAmCexu0IowUbuqYV4,https://drive.google.com/uc?export=download&id=1ShGoswklDC_fPOOBdKgwHrqYV6i-sD5B,https://drive.google.com/uc?export=download&id=1bn4XilsBzgHhk2tahDvbg1qwFv67KsIz,https://drive.google.com/uc?export=download&id=1Sb3aVAHBT1CJptl6Sfn-KWHlIcdA6jwH,patch_006_vol006_ch0_pred_cvfold0_ntr5_nev2_fttr4_ftval1_fold0_trlim5_seed100.nii.gz,cvfold0_ntr5_nev2_fttr4_ftval1_fold0_trlim5_seed100,cvfold0_ntr5_nev2_fttr4_ftval1_fold0_trlim5_seed100,cvfold0_ntr5_nev2_fttr4_ftval1_fold0_trlim5_seed100
